part,book,book_title,chapter,chapter_title,word_count,afinn_raw,anger,anticipation,disgust,fear,joy,sadness,surprise,trust,nrc_positive,nrc_negative,afinn_per_100_words,anger_per_100,anticipation_per_100,disgust_per_100,fear_per_100,joy_per_100,sadness_per_100,surprise_per_100,trust_per_100,chapter_order
I,I,The History Of A Family,I,,1332,26.0,31,51,25,34,46,29,25,50,87,64,1.951951951951952,2.3273273273273274,3.828828828828829,1.8768768768768769,2.5525525525525525,3.453453453453453,2.177177177177177,1.8768768768768769,3.7537537537537538,1
I,I,The History Of A Family,II,,1304,-8.0,26,53,12,26,31,24,24,40,68,52,-0.6134969325153374,1.9938650306748469,4.064417177914111,0.9202453987730062,1.9938650306748469,2.377300613496933,1.8404907975460123,1.8404907975460123,3.067484662576687,2
I,I,The History Of A Family,III,,2592,17.0,41,84,40,53,64,52,42,113,170,95,0.6558641975308641,1.5817901234567902,3.2407407407407405,1.5432098765432098,2.044753086419753,2.469135802469136,2.006172839506173,1.6203703703703702,4.359567901234568,3
I,I,The History Of A Family,IV,,3510,-56.0,70,115,61,81,88,95,66,123,182,154,-1.5954415954415957,1.9943019943019944,3.276353276353276,1.7378917378917378,2.307692307692308,2.507122507122507,2.7065527065527064,1.8803418803418803,3.5042735042735043,4
I,I,The History Of A Family,V,,3629,39.0,54,100,48,84,91,96,39,211,265,156,1.074676219344172,1.488013226784238,2.755580049600441,1.3226784238082117,2.3146872416643705,2.5075778451364013,2.6453568476164238,1.074676219344172,5.814273904656931,5
I,II,An Unfortunate Gathering,I,,1796,13.0,15,50,14,20,31,22,23,76,106,45,0.7238307349665924,0.8351893095768375,2.783964365256125,0.779510022271715,1.11358574610245,1.7260579064587973,1.2249443207126949,1.2806236080178173,4.231625835189309,6
I,II,An Unfortunate Gathering,II,,3572,74.0,45,86,51,43,88,65,44,140,217,125,2.0716685330347144,1.2597984322508398,2.4076147816349383,1.427771556550952,1.2038073908174691,2.463605823068309,1.8197088465845463,1.2318029115341544,3.9193729003359454,7
I,II,An Unfortunate Gathering,III,,3237,44.0,47,114,47,99,110,103,37,148,187,141,1.3592832869941305,1.4519616929255483,3.5217794253938832,1.4519616929255483,3.0583873957367933,3.398208217485326,3.1819586036453504,1.143033673154155,4.57213469261662,8
I,II,An Unfortunate Gathering,IV,,3034,112.0,44,104,38,74,125,59,54,134,216,115,3.691496374423204,1.4502307185234016,3.427818061964404,1.2524719841793013,2.4390243902439024,4.119973632168754,1.944627554383652,1.7798286090969018,4.4166117336849045,9
I,II,An Unfortunate Gathering,V,,3665,-138.0,109,156,77,122,131,75,45,206,261,178,-3.765347885402456,2.9740791268758526,4.256480218281037,2.100954979536153,3.328785811732605,3.574351978171896,2.046384720327422,1.227830832196453,5.620736698499318,10
I,II,An Unfortunate Gathering,VI,,3923,-21.0,102,114,66,84,98,88,64,205,257,176,-0.5353046138159572,2.600050981391792,2.905939332143768,1.6823859291358652,2.1412184552638287,2.4980881978078,2.2431812388478205,1.6314045373438697,5.225592658679582,11
I,II,An Unfortunate Gathering,VII,,3461,-31.0,86,122,61,97,88,89,67,174,209,172,-0.8956948858711354,2.484830973707021,3.5249927766541465,1.7624963883270732,2.802658191274198,2.542617740537417,2.571511123952615,1.9358566888182605,5.027448714244438,12
I,II,An Unfortunate Gathering,VIII,,3515,39.0,67,59,60,55,57,66,43,124,178,156,1.1095305832147937,1.906116642958748,1.6785206258890468,1.7069701280227598,1.5647226173541962,1.6216216216216215,1.877667140825036,1.2233285917496444,3.52773826458037,13
I,III,The Sensualists,I,,2256,-31.0,34,55,28,52,68,50,21,55,114,94,-1.374113475177305,1.5070921985815602,2.4379432624113475,1.2411347517730498,2.304964539007092,3.0141843971631204,2.2163120567375887,0.9308510638297872,2.4379432624113475,14
I,III,The Sensualists,II,,1646,-25.0,27,47,28,30,37,40,12,40,67,72,-1.5188335358444711,1.6403402187120293,2.8554070473876063,1.701093560145808,1.8226002430133657,2.2478736330498177,2.4301336573511545,0.7290400972053462,2.4301336573511545,15
I,III,The Sensualists,III,,3327,-29.0,63,114,53,110,111,94,43,122,189,169,-0.8716561466786895,1.8935978358881875,3.4265103697024344,1.5930267508265703,3.306281935677788,3.3363390441839496,2.8253681995792004,1.2924556657649533,3.666967237751728,16
I,III,The Sensualists,IV,,3365,58.0,76,101,51,73,93,52,63,143,189,121,1.723625557206538,2.2585438335809807,3.00148588410104,1.5156017830609212,2.1693907875185734,2.763744427934621,1.5453194650817237,1.8722139673105496,4.24962852897474,17
I,III,The Sensualists,IX,,2051,-32.0,33,46,21,51,29,33,38,66,75,76,-1.5602145294978058,1.6089712335446125,2.242808386153096,1.023890784982935,2.486591906387128,1.4139444173573867,1.6089712335446125,1.8527547537786448,3.217942467089225,18
I,III,The Sensualists,V,,3352,20.0,79,96,47,83,90,65,62,140,167,126,0.5966587112171837,2.356801909307876,2.863961813842482,1.4021479713603815,2.476133651551313,2.684964200477326,1.9391408114558475,1.8496420047732696,4.176610978520286,19
I,III,The Sensualists,VI,,2145,31.0,36,46,34,33,47,26,39,54,104,85,1.4452214452214454,1.6783216783216783,2.1445221445221447,1.5850815850815851,1.5384615384615383,2.191142191142191,1.2121212121212122,1.818181818181818,2.517482517482517,20
I,III,The Sensualists,VII,,2172,-23.0,71,75,55,73,62,59,30,96,139,125,-1.0589318600368325,3.268876611418048,3.4530386740331496,2.532228360957643,3.360957642725598,2.85451197053407,2.716390423572744,1.3812154696132597,4.41988950276243,21
I,III,The Sensualists,VIII,,2852,5.0,67,104,50,66,85,61,42,115,177,133,0.1753155680224404,2.3492286115007013,3.64656381486676,1.753155680224404,2.314165497896213,2.9803646563814867,2.1388499298737726,1.472650771388499,4.032258064516129,22
I,III,The Sensualists,X,,4438,267.0,62,173,48,85,169,80,101,179,288,142,6.016223524109959,1.3970256872465074,3.8981523208652544,1.081568273997296,1.915277151870212,3.80802163136548,1.8026137899954933,2.2757999098693102,4.033348355114916,23
I,III,The Sensualists,XI,,3122,-3.0,84,96,53,92,85,89,53,131,156,153,-0.0960922485586162,2.690582959641256,3.074951953875721,1.6976297245355545,2.946828955797565,2.7226137091607945,2.850736707238949,1.6976297245355545,4.196028187059577,24
II,IV,Lacerations,I,,4103,89.0,68,126,50,99,107,84,64,210,269,160,2.169144528393858,1.657323909334633,3.0709237143553496,1.2186205215695831,2.412868632707774,2.607847916158908,2.0472824762369,1.5598342676090666,5.118206190592249,25
II,IV,Lacerations,II,,1949,37.0,37,38,30,33,41,27,30,58,72,65,1.8984094407388403,1.8984094407388403,1.949717804002052,1.539250897896357,1.6931759876859929,2.103642893791688,1.3853258081067217,1.539250897896357,2.9758850692662904,26
II,IV,Lacerations,III,,1824,-61.0,51,46,45,39,18,38,15,36,53,113,-3.344298245614035,2.796052631578948,2.5219298245614032,2.4671052631578947,2.138157894736842,0.986842105263158,2.083333333333333,0.8223684210526315,1.973684210526316,27
II,IV,Lacerations,IV,,2312,-57.0,54,63,45,79,49,60,36,87,97,122,-2.4653979238754324,2.3356401384083045,2.7249134948096887,1.9463667820069204,3.4169550173010386,2.1193771626297577,2.5951557093425603,1.5570934256055362,3.762975778546713,28
II,IV,Lacerations,V,,4503,107.0,86,118,62,87,119,93,69,155,249,172,2.3761936486786586,1.9098378858538756,2.620475238729736,1.3768598711969795,1.9320453031312457,2.642682656007106,2.065289806795469,1.5323117921385745,3.4421496779924494,29
II,IV,Lacerations,VI,,3316,-12.0,44,47,52,47,40,62,32,95,134,134,-0.3618817852834741,1.3268998793727382,1.4173703256936068,1.5681544028950545,1.4173703256936068,1.20627261761158,1.8697225572979492,0.965018094089264,2.864897466827503,30
II,IV,Lacerations,VII,,4378,-66.0,86,82,51,90,67,74,55,193,197,163,-1.507537688442211,1.9643672910004568,1.8730013704888075,1.1649154865235267,2.055733211512106,1.5303791685701231,1.6902695294655097,1.256281407035176,4.408405664687072,31
II,V,Pro And Contra,I,,4414,133.0,83,144,62,80,127,102,89,154,230,168,3.0131400090620755,1.8803806071590392,3.262347077480743,1.4046216583597644,1.812415043044857,2.877208880833711,2.310829179882193,2.0163117353874034,3.48889895786135,32
II,V,Pro And Contra,II,,2532,33.0,41,65,30,58,45,41,39,72,106,94,1.3033175355450235,1.6192733017377563,2.567140600315956,1.1848341232227488,2.2906793048973144,1.7772511848341233,1.6192733017377563,1.5402843601895737,2.843601895734597,33
II,V,Pro And Contra,III,,3830,200.0,52,114,45,71,119,62,55,133,224,106,5.221932114882506,1.3577023498694516,2.9765013054830285,1.1749347258485638,1.8537859007832895,3.107049608355091,1.618798955613577,1.4360313315926894,3.472584856396866,34
II,V,Pro And Contra,IV,,4914,-58.0,130,145,127,173,176,168,61,209,343,292,-1.1803011803011805,2.6455026455026456,2.950752950752951,2.5844525844525847,3.5205535205535203,3.5816035816035816,3.418803418803419,1.2413512413512413,4.253154253154253,35
II,V,Pro And Contra,V,,9247,198.0,186,298,144,260,312,219,116,359,572,377,2.141234995133557,2.0114631772466747,3.222666810857575,1.5572618146425867,2.8117227208824485,3.374067265058938,2.368335676435601,1.2544609062398615,3.882340218449227,36
II,V,Pro And Contra,VI,,4331,-99.0,86,103,67,115,64,90,72,129,139,194,-2.2858462248903253,1.9856845993996768,2.3782036481182174,1.54698683906719,2.655275917801893,1.4777187716462712,2.0780420226275687,1.662433618102055,2.9785268990995157,37
II,V,Pro And Contra,VII,,3408,27.0,46,98,31,56,51,56,64,88,133,109,0.7922535211267605,1.3497652582159625,2.875586854460094,0.90962441314554,1.643192488262911,1.4964788732394363,1.643192488262911,1.8779342723004693,2.582159624413145,38
II,VI,The Russian Monk,I,,6362,390.0,108,264,81,147,273,152,96,349,488,266,6.130147752279157,1.6975793775542285,4.149638478465891,1.273184533165671,2.310594152782144,4.29110342659541,2.3891857906318767,1.5089594467148697,5.485696321911348,39
II,VI,The Russian Monk,II,,9124,-50.0,191,277,135,271,212,205,138,326,459,408,-0.5480052608505042,2.093380096448926,3.035949145111793,1.4796142042963611,2.970188513809733,2.323542306006137,2.246821569487067,1.5124945199473916,3.572994300745288,40
II,VI,The Russian Monk,III,,6236,254.0,158,218,137,215,273,180,101,287,469,310,4.073123797305965,2.5336754329698525,3.495830660679923,2.196921103271328,3.44772289929442,4.377806286080821,2.886465683130212,1.6196279666452855,4.602309172546504,41
III,IX,The Preliminary Investigation,I,,2793,5.0,61,85,35,62,65,56,57,84,136,98,0.1790189760114572,2.184031507339778,3.0433225921947726,1.2531328320802004,2.2198353025420694,2.327246688148944,2.0050125313283207,2.0408163265306123,3.007518796992481,42
III,IX,The Preliminary Investigation,II,,2699,-49.0,49,65,32,72,64,41,40,93,148,93,-1.8154872174879584,1.8154872174879584,2.408299370137088,1.185624305298259,2.667654686921082,2.3712486105965174,1.519081141163394,1.4820303816228233,3.445720637273064,43
III,IX,The Preliminary Investigation,III,,3569,-125.0,93,64,70,108,51,108,60,100,157,189,-3.502381619501261,2.605771924908938,1.7932193891846455,1.9613337069207064,3.0260577192490894,1.4289717007565146,3.0260577192490894,1.6811431773606051,2.8019052956010086,44
III,IX,The Preliminary Investigation,IV,,3004,28.0,58,70,49,74,58,60,38,101,153,122,0.9320905459387484,1.9307589880159783,2.330226364846871,1.6311584553928096,2.463382157123835,1.9307589880159783,1.9973368841544608,1.2649800266311584,3.362183754993342,45
III,IX,The Preliminary Investigation,IX,,1524,-32.0,36,51,26,36,24,42,29,42,59,75,-2.099737532808399,2.3622047244094486,3.346456692913386,1.7060367454068242,2.3622047244094486,1.574803149606299,2.755905511811024,1.9028871391076116,2.755905511811024,46
III,IX,The Preliminary Investigation,V,,4387,-53.0,85,94,55,103,60,86,67,132,179,170,-1.2081148848871666,1.93754273991338,2.142694324139503,1.253704125826305,2.347845908365626,1.367677228174151,1.9603373603829497,1.527239571461135,3.008889901983132,47
III,IX,The Preliminary Investigation,VI,,3166,-66.0,60,62,39,51,46,50,37,78,107,118,-2.084649399873657,1.8951358180669613,1.9583070120025268,1.231838281743525,1.6108654453569171,1.4529374605180037,1.5792798483891344,1.1686670878079597,2.46367656348705,48
III,IX,The Preliminary Investigation,VII,,4751,-131.0,131,106,94,123,61,115,79,136,156,224,-2.7573142496316567,2.7573142496316567,2.2311092401599666,1.978530835613555,2.588928646600716,1.283940223110924,2.420543043569775,1.6628078299305409,2.862555251525994,49
III,IX,The Preliminary Investigation,VIII,,3925,-7.0,60,79,33,41,64,60,44,108,156,137,-0.1783439490445859,1.5286624203821657,2.0127388535031847,0.8407643312101911,1.0445859872611465,1.6305732484076432,1.5286624203821657,1.1210191082802548,2.7515923566878984,50
III,VII,Alyosha,I,,5180,-16.0,79,146,81,129,120,117,93,261,288,232,-0.3088803088803089,1.525096525096525,2.8185328185328187,1.563706563706564,2.4903474903474905,2.3166023166023164,2.2586872586872584,1.795366795366795,5.038610038610038,51
III,VII,Alyosha,II,,2414,37.0,34,78,29,58,67,46,60,87,147,92,1.532725766362883,1.4084507042253522,3.231151615575808,1.2013256006628004,2.4026512013256007,2.775476387738194,1.9055509527754768,2.4855012427506216,3.603976801988401,52
III,VII,Alyosha,III,,7806,-29.0,160,180,123,179,192,171,140,227,370,330,-0.3715090955675121,2.04970535485524,2.3059185242121445,1.5757109915449656,2.2931078657443,2.459646425826288,2.190622598001537,1.7934921854983348,2.908019472200871,53
III,VII,Alyosha,IV,,2047,70.0,17,64,13,30,77,43,30,61,113,63,3.419638495359062,0.8304836345872008,3.126526624328285,0.6350757205666829,1.4655593551538837,3.761602344894968,2.1006350757205667,1.4655593551538837,2.9799706888128967,54
III,VIII,Mitya,I,,4761,-44.0,94,124,55,124,87,93,67,161,213,209,-0.924175593362739,1.9743751312749425,2.6044948540222643,1.1552194917034238,2.6044948540222643,1.8273471959672336,1.9533711405166985,1.4072673808023524,3.3816425120772946,55
III,VIII,Mitya,II,,2965,-72.0,44,70,38,50,40,58,37,87,114,112,-2.4283305227655987,1.4839797639123105,2.360876897133221,1.281618887015177,1.6863406408094437,1.349072512647555,1.9561551433389543,1.2478920741989885,2.934232715008432,56
III,VIII,Mitya,III,,4722,86.0,84,134,58,100,106,103,85,171,244,170,1.8212621770436253,1.7789072426937738,2.8377806014400675,1.228293096145701,2.117746717492588,2.244811520542143,2.1812791190173657,1.8000847098686996,3.621346886912325,57
III,VIII,Mitya,IV,,2386,-97.0,34,46,32,51,31,47,35,44,72,86,-4.065381391450126,1.4249790444258172,1.9279128248114,1.341156747694887,2.137468566638726,1.2992455993294216,1.9698239731768648,1.4668901927912823,1.8440905280804687,58
III,VIII,Mitya,V,,6258,-8.0,104,157,79,117,106,91,89,152,246,221,-0.1278363694471077,1.6618728028124004,2.508788750399489,1.2623841482901883,1.8696069031639504,1.6938318951741769,1.45413870246085,1.4221796100990731,2.428891019495046,59
III,VIII,Mitya,VI,,3097,-23.0,68,67,43,79,72,54,33,87,145,127,-0.7426541814659348,2.195673232160155,2.1633839199225053,1.3884404262189216,2.550855666774298,2.324830481110752,1.7436228608330642,1.065547303842428,2.8091701646754923,60
III,VIII,Mitya,VII,,6324,88.0,84,151,57,77,144,92,120,177,309,202,1.3915243516761544,1.3282732447817838,2.387729285262492,0.9013282732447818,1.2175838077166352,2.2770398481973437,1.454775458570525,1.8975332068311197,2.7988614800759013,61
III,VIII,Mitya,VIII,,5534,126.0,105,135,86,116,161,113,103,155,277,224,2.2768341163715218,1.8973617636429343,2.439465124683773,1.554029634983737,2.096132996024576,2.9092880375858328,2.041922659920491,1.8612215395735447,2.800867365377665,62
IV,I,"n this way either in an access of childish and naïve optimism, or",I,,2211,-145.0,56,59,46,78,22,67,19,58,88,129,-6.558118498417007,2.532790592492085,2.668475802804161,2.0805065581184983,3.5278154681139755,0.9950248756218906,3.0303030303030303,0.8593396653098146,2.6232473993668024,63
IV,I,"n this way either in an access of childish and naïve optimism, or",II,,3095,-18.0,66,64,48,100,61,83,43,102,134,136,-0.5815831987075929,2.132471728594507,2.0678513731825525,1.5508885298869144,3.231017770597738,1.9709208400646203,2.681744749596122,1.3893376413570273,3.295638126009693,64
IV,I,"n this way either in an access of childish and naïve optimism, or",III,,4152,18.0,68,92,57,107,103,148,72,147,175,196,0.4335260115606936,1.6377649325626205,2.215799614643545,1.3728323699421965,2.577071290944123,2.480732177263969,3.5645472061657038,1.7341040462427744,3.540462427745665,65
IV,I,"n this way either in an access of childish and naïve optimism, or",IX,,4568,-143.0,145,126,94,153,93,109,70,151,215,235,-3.130472854640981,3.1742556917688263,2.7583187390542907,2.0577933450087564,3.34938704028021,2.0359019264448337,2.3861646234676006,1.532399299474606,3.3056042031523645,66
IV,I,"n this way either in an access of childish and naïve optimism, or",VII,,2063,-155.0,99,76,58,92,54,72,49,83,101,140,-7.513330101793504,4.798836645661657,3.683955404750364,2.8114396509936985,4.459524963645177,2.617547261269995,3.49006301502666,2.375181774115366,4.023267086766844,67
IV,I,"n this way either in an access of childish and naïve optimism, or",VIII,,4104,-375.0,163,72,116,160,46,132,67,127,193,242,-9.137426900584796,3.971734892787524,1.7543859649122806,2.8265107212475638,3.898635477582846,1.120857699805068,3.216374269005848,1.6325536062378168,3.094541910331384,68
IV,I,"n this way either in an access of childish and naïve optimism, or",X,,1714,-82.0,56,41,33,67,27,62,27,62,95,103,-4.784130688448075,3.267211201866978,2.3920653442240374,1.9253208868144691,3.9089848308051343,1.575262543757293,3.6172695449241536,1.575262543757293,3.6172695449241536,69
IV,I,"n this way either in an access of childish and naïve optimism, or",XI,,2826,-121.0,135,94,75,99,70,87,73,116,134,140,-4.281670205237084,4.777070063694268,3.326256192498231,2.6539278131634823,3.5031847133757963,2.4769992922859165,3.0785562632696397,2.583156404812456,4.104741684359519,70
IV,I,"n this way either in an access of childish and naïve optimism, or",XII,,3420,-185.0,116,85,90,119,50,117,49,111,150,184,-5.409356725146199,3.391812865497076,2.4853801169590644,2.631578947368421,3.47953216374269,1.461988304093567,3.421052631578948,1.432748538011696,3.245614035087719,71
IV,I,"n this way either in an access of childish and naïve optimism, or",XIII,,3419,-40.0,121,94,81,146,101,111,69,175,204,209,-1.16993272886809,3.5390465048259725,2.749341912840012,2.3691137759578824,4.2702544603685295,2.954080140391928,3.2465633226089503,2.0181339572974557,5.118455688797894,72
IV,I,"n this way either in an access of childish and naïve optimism, or",XIV,,2552,-18.0,74,93,34,80,57,55,46,120,145,106,-0.7053291536050157,2.8996865203761755,3.644200626959248,1.3322884012539185,3.1347962382445136,2.2335423197492164,2.155172413793104,1.802507836990596,4.702194357366771,73
IV,X,The Boys,I,,2250,25.0,38,56,41,51,53,60,36,84,108,116,1.1111111111111112,1.6888888888888889,2.488888888888889,1.8222222222222224,2.2666666666666666,2.355555555555556,2.666666666666667,1.6,3.733333333333334,74
IV,X,The Boys,II,,2257,-23.0,32,54,18,51,42,53,32,60,88,100,-1.01905183872397,1.4178112538768275,2.392556490917147,0.7975188303057155,2.259636685866194,1.860877270713336,2.348249889233496,1.4178112538768275,2.658396101019052,75
IV,X,The Boys,III,,2867,80.0,35,69,35,36,51,35,50,75,111,89,2.790373212417161,1.220788280432508,2.406696895709801,1.220788280432508,1.2556679455877224,1.77886292291594,1.220788280432508,1.7439832577607255,2.615974886641089,76
IV,X,The Boys,IV,,3255,-13.0,57,80,52,66,64,68,41,82,124,130,-0.3993855606758832,1.7511520737327189,2.457757296466974,1.597542242703533,2.0276497695852536,1.966205837173579,2.089093701996928,1.259600614439324,2.5192012288786483,77
IV,X,The Boys,V,,6657,58.0,82,161,67,105,135,95,86,214,329,216,0.8712633318311551,1.2317860898302535,2.4185068349106205,1.0064593660808172,1.5772870662460567,2.0279405137449302,1.427069250413099,1.291873216163437,3.2146612588252967,78
IV,X,The Boys,VI,,2630,69.0,47,76,48,52,61,48,34,88,129,103,2.623574144486692,1.7870722433460076,2.8897338403041823,1.8250950570342208,1.977186311787072,2.319391634980988,1.8250950570342208,1.2927756653992395,3.3460076045627374,79
IV,X,The Boys,VII,,1387,-82.0,23,26,27,33,23,37,26,81,89,72,-5.912040374909877,1.658255227108868,1.8745493871665464,1.9466474405191057,2.3792357606344625,1.658255227108868,2.6676279740447004,1.8745493871665464,5.839942321557317,80
IV,XI,Ivan,I,,3940,-120.0,99,92,78,80,59,101,45,94,126,181,-3.045685279187817,2.512690355329949,2.33502538071066,1.9796954314720807,2.030456852791878,1.49746192893401,2.563451776649746,1.1421319796954317,2.3857868020304567,81
IV,XI,Ivan,II,,4365,38.0,70,105,70,81,82,89,72,132,217,176,0.870561282932417,1.6036655211912942,2.405498281786942,1.6036655211912942,1.855670103092784,1.8785796105383732,2.0389461626575027,1.6494845360824744,3.0240549828178693,82
IV,XI,Ivan,III,,2537,42.0,62,53,53,72,66,69,35,73,119,110,1.6554986204178164,2.4438312968072524,2.0890815924320063,2.0890815924320063,2.8379976350019707,2.60149783208514,2.719747733543556,1.3795821836815136,2.8774142688214424,83
IV,XI,Ivan,IV,,5788,32.0,113,147,101,173,145,142,82,225,326,254,0.55286800276434,1.952315134761576,2.539737387698687,1.7449896337249482,2.988942639944713,2.505183137525916,2.4533517622667587,1.4167242570836214,3.8873531444367657,84
IV,XI,Ivan,IX,,7942,74.0,138,215,108,185,193,151,101,295,470,321,0.9317552253840342,1.7375975824729286,2.707126668345505,1.3598589775875094,2.329388063460086,2.4301183580961974,1.9012843112566105,1.2717199697809116,3.714429614706623,85
IV,XI,Ivan,V,,2234,-108.0,49,42,40,74,25,68,41,57,69,99,-4.834377797672337,2.193375111906893,1.8800358102059087,1.7905102954341987,3.312444046553268,1.1190689346463742,3.043867502238138,1.8352730528200536,2.551477170993733,86
IV,XI,Ivan,VI,,4000,-85.0,99,84,73,105,43,77,51,104,157,189,-2.125,2.475,2.1,1.825,2.625,1.075,1.925,1.275,2.6,87
IV,XI,Ivan,VII,,3848,-122.0,103,93,87,116,51,96,59,124,147,179,-3.170478170478171,2.676715176715177,2.416839916839917,2.260914760914761,3.0145530145530146,1.3253638253638254,2.494802494802495,1.5332640332640333,3.2224532224532227,88
IV,XI,Ivan,VIII,,6406,-224.0,137,137,93,157,77,123,99,160,202,252,-3.4967218232906645,2.138620043709023,2.138620043709023,1.451763971276928,2.450827349359975,1.201998126756166,1.9200749297533564,1.5454261629722137,2.497658445207618,89
IV,XI,Ivan,X,,2249,-41.0,61,47,54,65,34,64,25,80,90,112,-1.823032458870609,2.712316585148955,2.0898176967541127,2.401067140951534,2.8901734104046244,1.511783014673188,2.845709204090707,1.1116051578479325,3.5571365051133834,90
IV,XII,A Judicial Error,I,,2815,5.0,79,95,52,88,51,71,43,107,165,119,0.1776198934280639,2.80639431616341,3.374777975133215,1.8472468916518647,3.126110124333925,1.811722912966252,2.522202486678508,1.52753108348135,3.801065719360568,91
IV,XII,A Judicial Error,II,,3795,-47.0,90,87,55,90,67,72,56,137,224,151,-1.238471673254282,2.371541501976284,2.292490118577075,1.4492753623188406,2.371541501976284,1.7654808959156787,1.897233201581028,1.4756258234519104,3.6100131752305664,92
IV,XII,A Judicial Error,III,,2296,24.0,61,61,44,52,50,45,40,93,155,108,1.0452961672473868,2.656794425087108,2.656794425087108,1.9163763066202089,2.264808362369338,2.177700348432056,1.95993031358885,1.7421602787456445,4.050522648083624,93
IV,XII,A Judicial Error,IV,,3984,-131.0,124,112,75,102,70,106,62,165,181,191,-3.288152610441767,3.1124497991967868,2.8112449799196786,1.882530120481928,2.560240963855421,1.7570281124497993,2.6606425702811247,1.5562248995983934,4.141566265060241,94
IV,XII,A Judicial Error,V,,4127,-167.0,143,127,75,158,76,102,83,184,220,197,-4.0465228979888535,3.46498667312818,3.077295856554398,1.8173007026896049,3.828446813666101,1.8415313787254664,2.471528955657863,2.011146110976496,4.458444390598498,95
IV,XII,A Judicial Error,VI,,1076,-41.0,34,39,15,46,27,34,26,44,77,64,-3.810408921933085,3.1598513011152414,3.62453531598513,1.3940520446096654,4.275092936802974,2.509293680297398,3.1598513011152414,2.41635687732342,4.089219330855019,96
